iter,d_real,d_fake,gp,d_loss,g_loss
50,-1.8429,-5.2213,0.0613,-2.7655,+5.2996
100,-3.0909,-6.7731,0.0398,-3.2846,+6.7221
150,-4.1627,-7.9692,0.0405,-3.4015,+8.0149
200,-5.4716,-8.8067,0.0546,-2.7892,+8.7238
250,-5.5612,-8.9495,0.0555,-2.8329,+8.9986
300,-5.8618,-8.6007,0.0560,-2.1794,+8.7735
350,-5.1061,-8.3707,0.0535,-2.7299,+8.4300
400,-4.8391,-8.0468,0.0663,-2.5442,+7.9956
450,-5.3000,-8.6988,0.0729,-2.6698,+8.5688
500,-5.4563,-8.3586,0.0320,-2.5824,+8.2824
550,-5.2557,-8.4105,0.0538,-2.6167,+8.4521
600,-6.3092,-8.8296,0.0538,-1.9827,+8.7498
650,-5.9847,-8.9522,0.0592,-2.3757,+8.8823
700,-6.4449,-9.1840,0.0514,-2.2256,+9.2359
750,-6.3497,-9.5741,0.0382,-2.8428,+9.5635
800,-8.8252,-11.1824,0.0526,-1.8309,+11.4543
850,-8.7412,-10.7513,0.0368,-1.6419,+10.8874
900,-8.4306,-10.7893,0.0340,-2.0190,+10.6719
950,-9.0031,-11.0653,0.0519,-1.5430,+11.0544
1000,-9.6105,-11.6252,0.0256,-1.7587,+11.5281
1050,-9.9223,-11.9526,0.0364,-1.6665,+11.9033
1100,-8.4648,-10.9470,0.0787,-1.6954,+11.2507
1150,-10.1638,-12.2532,0.0297,-1.7927,+12.1752
1200,-9.2099,-11.1505,0.0303,-1.6374,+11.2480
1250,-9.4736,-11.4968,0.0260,-1.7636,+11.4067
1300,-9.4995,-11.5790,0.0235,-1.8448,+11.7096
1350,-10.2109,-12.2582,0.0300,-1.7472,+12.4583
1400,-10.6795,-12.7100,0.0306,-1.7247,+12.5816
1450,-10.5425,-12.9134,0.0380,-1.9913,+12.7053
1500,-11.4425,-13.2778,0.0300,-1.5355,+13.2005
1550,-9.9857,-11.9820,0.0351,-1.6448,+12.0775
1600,-10.2670,-12.6798,0.0364,-2.0488,+12.5946
1650,-10.9167,-12.8970,0.0506,-1.4742,+13.1892
1700,-12.6104,-14.6382,0.0388,-1.6398,+14.6070
1750,-13.3825,-15.0012,0.0292,-1.3264,+15.1050
1800,-14.2905,-15.7535,0.0321,-1.1420,+16.0475
1850,-13.9944,-15.5345,0.0208,-1.3321,+15.5708
1900,-14.1781,-15.7042,0.0244,-1.2826,+15.7464
1950,-13.9526,-15.5454,0.0314,-1.2786,+15.7176
2000,-15.4423,-17.1191,0.0279,-1.3977,+17.0951
2050,-15.2976,-17.0974,0.0480,-1.3201,+17.4189
2100,-15.3169,-16.9724,0.0280,-1.3760,+17.0858
2150,-15.6802,-17.2671,0.0154,-1.4330,+17.2654
2200,-15.8195,-17.6628,0.0302,-1.5416,+17.4892
2250,-17.0683,-18.7251,0.0339,-1.3176,+18.6654
2300,-17.4968,-19.1971,0.0304,-1.3962,+19.0962
2350,-17.5657,-18.9906,0.0127,-1.2980,+18.7670
2400,-18.4256,-20.0247,0.0320,-1.2788,+20.1769
2450,-18.6483,-20.2346,0.0168,-1.4185,+20.1096
2500,-18.5832,-20.3327,0.0280,-1.4696,+20.4346
2550,-18.9011,-20.6791,0.0403,-1.3752,+20.8008
2600,-19.6508,-21.0586,0.0117,-1.2906,+21.1337
2650,-18.6882,-20.6360,0.0265,-1.6827,+20.3055
2700,-19.4520,-21.0186,0.0191,-1.3761,+21.0361
2750,-20.0605,-21.1572,0.0143,-0.9540,+21.2615
2800,-19.7143,-21.1868,0.0268,-1.2044,+21.1688
2850,-19.2013,-20.8424,0.0370,-1.2713,+20.7343
2900,-20.1210,-21.2986,0.0162,-1.0160,+21.3489
2950,-20.0742,-21.6277,0.0299,-1.2540,+21.5699
3000,-19.9452,-20.9969,0.0239,-0.8130,+21.2420
3050,-20.2294,-21.6145,0.0142,-1.2432,+21.6926
3100,-19.2362,-20.5992,0.0125,-1.2376,+20.7016
3150,-19.2916,-21.2178,0.0298,-1.6282,+21.1464
3200,-19.9498,-21.3372,0.0108,-1.2788,+21.2991
3250,-20.1848,-21.3977,0.0158,-1.0543,+21.3104
3300,-20.0342,-21.5478,0.0271,-1.2427,+21.7261
3350,-19.9913,-21.4710,0.0438,-1.0421,+21.6809
3400,-19.6344,-21.3593,0.0364,-1.3607,+21.5841
3450,-19.5416,-21.4577,0.0242,-1.6740,+21.3621
3500,-20.1640,-21.8760,0.0473,-1.2391,+22.0228
3550,-20.1087,-21.5923,0.0130,-1.3538,+21.7901
3600,-19.4607,-21.2565,0.0369,-1.4273,+21.1953
3650,-18.3461,-20.2941,0.0315,-1.6333,+20.2000
3700,-18.4755,-20.1792,0.0497,-1.2069,+20.5822
3750,-19.3396,-20.9442,0.0356,-1.2482,+20.9609
3800,-19.2552,-20.8977,0.0388,-1.2548,+20.9797
3850,-18.5862,-20.2497,0.0248,-1.4158,+20.4212
3900,-19.3647,-20.6872,0.0172,-1.1507,+20.6501
3950,-18.5411,-20.0548,0.0226,-1.2874,+20.0882
4000,-18.3999,-20.2647,0.0330,-1.5345,+20.2290
4050,-18.7424,-20.0825,0.0311,-1.0296,+20.0277
4100,-18.4969,-20.0557,0.0317,-1.2416,+20.0695
4150,-18.2362,-20.1047,0.0238,-1.6306,+20.0530
4200,-18.3115,-20.1305,0.0198,-1.6215,+20.0529
4250,-18.2273,-20.0697,0.0245,-1.5970,+19.8664
4300,-17.6788,-19.6096,0.0302,-1.6288,+19.6084
4350,-17.8694,-20.0979,0.0629,-1.5993,+20.2651
4400,-16.9811,-19.6743,0.0797,-1.8963,+19.4906
4450,-17.7146,-19.6554,0.0208,-1.7325,+19.4161
4500,-18.2064,-19.8866,0.0233,-1.4475,+20.2148
4550,-17.5700,-19.6533,0.0868,-1.2150,+19.4315
4600,-17.9780,-19.4548,0.0252,-1.2253,+19.5060
4650,-18.6174,-20.4924,0.0406,-1.4690,+20.5147
4700,-17.9692,-19.6148,0.0227,-1.4189,+19.8588
4750,-17.9586,-19.7395,0.0306,-1.4751,+19.5447
4800,-18.5015,-20.2267,0.0323,-1.4019,+20.0001
4850,-17.6426,-19.8297,0.0419,-1.7686,+20.0188
4900,-18.8153,-20.2891,0.0193,-1.2805,+20.1579
4950,-18.1978,-20.3371,0.0476,-1.6636,+20.2240
5000,-18.8895,-20.4346,0.0329,-1.2157,+20.6225
5050,-17.8964,-19.7535,0.0262,-1.5947,+19.7647
5100,-17.7495,-19.5474,0.0335,-1.4624,+19.6433
5150,-18.5693,-20.0164,0.0173,-1.2746,+20.0067
5200,-18.9652,-20.3430,0.0155,-1.2223,+20.2231
5250,-18.4471,-20.4469,0.0259,-1.7408,+20.3115
5300,-17.5811,-19.3339,0.0236,-1.5170,+19.4644
5350,-17.6978,-19.5472,0.0290,-1.5593,+19.7444
5400,-17.4170,-19.3445,0.0249,-1.6782,+19.4602
5450,-18.3073,-20.0894,0.0151,-1.6312,+19.8975
5500,-18.1859,-20.1434,0.0332,-1.6254,+20.0179
5550,-18.5145,-20.4307,0.0181,-1.7354,+20.4545
5600,-17.6785,-19.7692,0.0389,-1.7022,+19.9164
5650,-17.4384,-19.3766,0.0213,-1.7252,+19.2285
5700,-18.0216,-19.7889,0.0244,-1.5229,+19.7842
5750,-17.7687,-19.6590,0.0272,-1.6184,+19.9531
5800,-17.9175,-19.9232,0.0117,-1.8892,+19.5785
5850,-18.0289,-19.7926,0.0221,-1.5423,+19.7503
5900,-18.5125,-20.4842,0.0339,-1.6326,+20.6674
5950,-18.0342,-20.0595,0.0182,-1.8430,+20.3264
6000,-18.2182,-20.0366,0.0234,-1.5848,+20.0570
6050,-17.9790,-19.8593,0.0297,-1.5834,+20.0593
6100,-19.2434,-21.1638,0.0177,-1.7437,+21.0710
6150,-18.8047,-20.4700,0.0198,-1.4676,+20.9502
6200,-18.1741,-20.0060,0.0157,-1.6751,+20.0080
6250,-18.2157,-20.1201,0.0247,-1.6571,+20.0924
6300,-18.3290,-20.0240,0.0251,-1.4444,+20.1055
6350,-18.3318,-19.8973,0.0221,-1.3442,+19.7399
6400,-18.4556,-20.0730,0.0294,-1.3230,+20.5462
6450,-18.6890,-20.5608,0.0325,-1.5467,+20.6078
6500,-18.0300,-19.6383,0.0295,-1.3130,+19.8379
6550,-18.2539,-20.7147,0.0330,-2.1312,+20.6638
6600,-19.1848,-20.8034,0.0300,-1.3184,+20.8024
6650,-19.4892,-21.3065,0.0259,-1.5583,+21.5960
6700,-19.5076,-21.1155,0.0328,-1.2799,+21.3741
6750,-18.8041,-20.6105,0.0244,-1.5624,+20.3531
6800,-19.3210,-21.3502,0.0256,-1.7736,+21.1729
6850,-17.9486,-20.4228,0.0569,-1.9050,+20.1148
6900,-17.9843,-19.8557,0.0231,-1.6403,+19.9939
6950,-18.9839,-20.7811,0.0256,-1.5412,+20.5895
7000,-18.0789,-19.9451,0.0242,-1.6240,+20.0072
7050,-18.6530,-20.1868,0.0166,-1.3681,+20.3139
7100,-18.8577,-20.7105,0.0146,-1.7071,+20.7896
7150,-17.6748,-20.1200,0.0207,-2.2385,+19.8905
7200,-18.4241,-20.0226,0.0239,-1.3595,+20.2376
7250,-18.4375,-20.2698,0.0203,-1.6291,+20.5055
7300,-18.9038,-20.6647,0.0370,-1.3908,+20.6816
7350,-19.9543,-21.5109,0.0154,-1.4025,+21.4132
7400,-19.9289,-21.6788,0.0363,-1.3866,+21.8549
7450,-19.3819,-20.8849,0.0250,-1.2529,+21.0034
7500,-18.8885,-20.7940,0.0216,-1.6899,+20.6774
7550,-19.2004,-21.1971,0.0327,-1.6697,+21.3162
7600,-19.7258,-21.2415,0.0203,-1.3129,+21.7106
7650,-19.5593,-21.4295,0.0296,-1.5746,+21.2514
7700,-20.1543,-21.8555,0.0169,-1.5322,+21.8155
7750,-19.8021,-21.4587,0.0212,-1.4447,+21.3533
7800,-19.8206,-22.0158,0.0300,-1.8954,+22.0340
7850,-19.8693,-22.0102,0.0388,-1.7534,+22.1961
7900,-19.5770,-21.3741,0.0168,-1.6293,+21.6969
7950,-20.5312,-22.1695,0.0355,-1.2830,+21.9858
8000,-20.2967,-22.0914,0.0294,-1.5006,+22.0910
8050,-20.5246,-22.2154,0.0117,-1.5733,+22.3210
8100,-21.2210,-23.1618,0.0240,-1.7004,+22.9655
8150,-20.7334,-22.1745,0.0166,-1.2747,+22.3777
8200,-21.3235,-23.0621,0.0179,-1.5600,+22.8180
8250,-20.4426,-22.1575,0.0131,-1.5837,+21.8362
8300,-20.9363,-23.0207,0.0285,-1.7998,+22.8744
8350,-20.6853,-22.2919,0.0363,-1.2433,+22.3851
8400,-21.1690,-22.5538,0.0635,-0.7495,+22.4471
8450,-21.7637,-23.2539,0.0159,-1.3316,+23.3917
8500,-21.0544,-22.6870,0.0199,-1.4333,+22.7795
8550,-21.6100,-23.4765,0.0199,-1.6678,+23.4615
8600,-22.4241,-24.0244,0.0136,-1.4642,+24.2928
8650,-22.7803,-24.3869,0.0159,-1.4475,+24.6362
8700,-22.3459,-23.8474,0.0118,-1.3832,+23.9424
8750,-22.3259,-23.8966,0.0221,-1.3493,+23.9322
8800,-21.9696,-23.0467,0.0125,-0.9517,+23.4416
8850,-22.8871,-24.1723,0.0152,-1.1328,+24.4705
8900,-22.2470,-23.8443,0.0198,-1.3991,+23.9585
8950,-22.3925,-23.8531,0.0248,-1.2131,+23.7869
9000,-22.6230,-24.4410,0.0325,-1.4933,+24.4788
9050,-23.0021,-24.1872,0.0150,-1.0348,+24.2782
9100,-21.9511,-23.5727,0.0213,-1.4084,+23.4614
9150,-23.7221,-24.9429,0.0101,-1.1201,+25.2317
9200,-23.9202,-25.1912,0.0212,-1.0593,+25.1279
9250,-22.9359,-24.6034,0.0366,-1.3011,+24.3752
9300,-23.8402,-25.0575,0.0133,-1.0848,+25.3223
9350,-23.5905,-25.0471,0.0260,-1.1969,+25.0066
9400,-23.9971,-25.5411,0.0522,-1.0219,+25.2267
9450,-24.3865,-25.4826,0.0118,-0.9781,+25.7449
9500,-24.2623,-25.7320,0.0196,-1.2738,+25.3132
9550,-24.0177,-25.4234,0.0119,-1.2869,+25.5443
9600,-24.1399,-25.4744,0.0137,-1.1975,+25.6934
9650,-24.1112,-25.8141,0.0209,-1.4938,+25.3582
9700,-24.1942,-25.6848,0.0161,-1.3298,+25.4706
9750,-23.9832,-25.2050,0.0276,-0.9456,+24.9957
9800,-23.8667,-25.1245,0.0195,-1.0627,+25.1298
9850,-24.8348,-26.5497,0.0306,-1.4088,+26.6805
9900,-23.7517,-24.8766,0.0205,-0.9200,+25.1749
9950,-24.4372,-26.2422,0.0329,-1.4757,+26.1303
10000,-23.8808,-25.3060,0.0296,-1.1291,+25.3746
10050,-24.3993,-25.9673,0.0346,-1.2225,+26.0258
10100,-24.5155,-26.1813,0.0268,-1.3973,+26.2083
10150,-24.8371,-26.0842,0.0217,-1.0302,+26.1520
10200,-25.0492,-26.3515,0.0193,-1.1091,+26.3885
10250,-24.4354,-25.7567,0.0345,-0.9766,+25.8384
10300,-25.2742,-26.8052,0.0127,-1.4036,+26.9025
10350,-24.8705,-26.1153,0.0171,-1.0734,+26.2230
10400,-23.6912,-25.6963,0.0362,-1.6430,+25.6369
10450,-25.2473,-26.5469,0.0132,-1.1675,+26.7126
10500,-26.1587,-27.5331,0.0196,-1.1781,+27.4336
10550,-25.1408,-26.6004,0.0163,-1.2965,+26.5581
10600,-25.6995,-27.1540,0.0199,-1.2554,+27.0308
10650,-25.9751,-26.9363,0.0169,-0.7922,+27.2435
10700,-25.1090,-26.6149,0.0286,-1.2195,+26.6457
10750,-26.0762,-27.5698,0.0467,-1.0266,+27.5073
10800,-25.9951,-27.1351,0.0125,-1.0147,+27.4992
10850,-25.7040,-27.1877,0.0126,-1.3573,+26.9773
10900,-26.1762,-27.4382,0.0069,-1.1929,+27.7323
10950,-24.1312,-25.8737,0.0314,-1.4287,+25.9573
11000,-26.8256,-28.2574,0.0254,-1.1781,+28.0896
11050,-26.1004,-26.9078,0.0105,-0.7021,+27.0907
11100,-27.2421,-28.2721,0.0190,-0.8395,+28.2990
11150,-26.1632,-27.4184,0.0104,-1.1508,+27.5145
11200,-26.7341,-27.8005,0.0116,-0.9501,+28.0260
11250,-26.7835,-28.0739,0.0204,-1.0862,+28.0481
11300,-26.0710,-27.4209,0.0302,-1.0482,+27.4968
11350,-27.0118,-28.1291,0.0152,-0.9651,+28.2399
11400,-26.5338,-27.7365,0.0170,-1.0329,+27.9030
11450,-25.0318,-26.9192,0.0142,-1.7453,+26.9673
11500,-26.5621,-27.5888,0.0125,-0.9012,+27.7245
11550,-25.6429,-27.1769,0.0441,-1.0929,+27.2421
11600,-26.0676,-27.3401,0.0105,-1.1674,+27.2793
11650,-27.6534,-28.7824,0.0230,-0.8987,+28.9459
11700,-27.2621,-28.5928,0.0177,-1.1541,+28.5084
11750,-27.9174,-29.2089,0.0100,-1.1919,+29.2569
11800,-27.2225,-28.0897,0.0154,-0.7128,+28.3252
11850,-27.5875,-28.8094,0.0211,-1.0107,+28.9024
11900,-28.1393,-29.2912,0.0114,-1.0384,+29.1578
11950,-27.3015,-28.0818,0.0151,-0.6297,+28.2185
12000,-26.6211,-28.1570,0.0253,-1.2827,+27.8444
12050,-26.7037,-27.4846,0.0070,-0.7107,+27.6239
12100,-27.3605,-28.4857,0.0121,-1.0046,+28.4740
12150,-27.4846,-28.3594,0.0106,-0.7690,+28.4451
